Year,Age,Gender,Count
1896,17,M,1
1896,20,M,1
1896,21,M,10
1896,22,M,3
1896,23,M,4
1896,24,M,3
1896,25,M,9
1896,27,M,3
1900,15,M,3
1900,16,M,1
1900,17,M,4
1900,18,M,12
1900,19,M,9
1900,20,M,13
1900,21,M,21
1900,22,M,11
1900,23,F,1
1900,23,M,24
1900,24,M,25
1900,25,M,22
1900,26,M,13
1900,27,M,12
1900,28,M,13
1900,29,F,2
1900,29,M,21
1900,30,M,7
1900,31,M,17
1900,32,F,4
1900,32,M,9
1900,33,F,2
1900,33,M,5
1900,34,M,18
1900,35,M,7
1900,36,M,8
1900,37,M,11
1900,38,M,6
1900,39,M,1
1900,40,M,10
1900,41,M,2
1900,42,F,1
1900,42,M,7
1900,43,M,2
1900,44,M,3
1900,45,M,4
1900,46,M,1
1900,48,M,1
1900,49,M,4
1900,52,M,2
1900,53,M,3
1900,56,M,2
1900,57,M,1
1900,69,M,1
1904,15,M,1
1904,16,M,2
1904,17,M,5
1904,18,M,5
1904,19,M,27
1904,20,M,11
1904,21,M,14
1904,22,M,10
1904,23,M,19
1904,24,M,14
1904,25,M,19
1904,26,M,15
1904,27,M,16
1904,28,M,7
1904,29,M,25
1904,30,M,9
1904,31,M,2
1904,32,M,1
1904,33,M,14
1904,34,M,1
1904,35,M,2
1904,36,M,7
1904,37,M,3
1904,38,M,4
1904,40,M,3
1904,41,M,2
1904,42,M,4
1904,43,M,3
1904,47,M,2
1904,50,M,1
1904,53,M,1
1904,55,F,2
1904,68,M,2
1906,14,M,3
1906,16,M,1
1906,17,M,3
1906,18,M,4
1906,19,M,16
1906,20,M,13
1906,21,F,2
1906,21,M,23
1906,22,M,22
1906,23,M,29
1906,24,M,27
1906,25,M,16
1906,26,M,33
1906,27,M,9
1906,28,M,2
1906,29,M,7
1906,30,M,1
1906,31,M,9
1906,32,M,8
1906,33,M,11
1906,35,M,6
1906,36,M,1
1906,37,M,2
1906,40,M,4
1906,42,M,7
1906,43,M,13
1906,46,M,12
1906,50,M,1
1908,15,M,2
1908,16,M,8
1908,17,M,6
1908,18,M,12
1908,19,M,30
1908,20,M,50
1908,21,M,61
1908,22,M,46
1908,23,M,53
1908,24,F,1
1908,24,M,44
1908,25,M,35
1908,26,F,2
1908,26,M,42
1908,27,F,1
1908,27,M,35
1908,28,M,35
1908,29,M,17
1908,30,F,1
1908,30,M,29
1908,31,M,12
1908,32,F,1
1908,32,M,10
1908,33,M,16
1908,34,F,1
1908,34,M,9
1908,35,F,1
1908,35,M,9
1908,36,F,1
1908,36,M,7
1908,37,M,9
1908,38,M,10
1908,39,F,1
1908,39,M,4
1908,40,M,16
1908,41,M,4
1908,42,M,4
1908,43,F,1
1908,43,M,4
1908,44,M,9
1908,45,M,3
1908,46,M,2
1908,47,F,1
1908,47,M,2
1908,48,M,1
1908,49,M,3
1908,51,M,3
1908,54,M,3
1908,56,M,2
1908,57,M,2
1912,13,F,2
1912,15,F,1
1912,15,M,1
1912,16,F,2
1912,16,M,4
1912,17,F,3
1912,17,M,6
1912,18,F,3
1912,18,M,13
1912,19,F,3
1912,19,M,46
1912,20,M,62
1912,21,M,63
1912,22,F,2
1912,22,M,51
1912,23,M,62
1912,24,M,86
1912,25,F,4
1912,25,M,67
1912,26,M,44
1912,27,M,44
1912,28,F,6
1912,28,M,27
1912,29,M,47
1912,30,F,4
1912,30,M,30
1912,31,M,31
1912,32,F,3
1912,32,M,35
1912,33,F,1
1912,33,M,37
1912,34,M,21
1912,35,M,24
1912,36,M,23
1912,37,M,4
1912,38,M,18
1912,39,M,21
1912,40,M,4
1912,41,M,14
1912,42,M,8
1912,43,M,4
1912,44,M,8
1912,45,M,9
1912,46,M,2
1912,47,M,9
1912,48,M,6
1912,49,M,8
1912,51,M,1
1912,52,M,2
1912,55,M,1
1912,56,M,1
1912,57,M,7
1912,61,M,2
1920,15,F,1
1920,15,M,1
1920,17,M,6
1920,18,F,10
1920,18,M,17
1920,19,M,34
1920,20,F,3
1920,20,M,49
1920,21,F,3
1920,21,M,53
1920,22,M,50
1920,23,F,1
1920,23,M,43
1920,24,M,63
1920,25,F,1
1920,25,M,59
1920,26,F,4
1920,26,M,49
1920,27,M,40
1920,28,F,3
1920,28,M,36
1920,29,F,1
1920,29,M,31
1920,30,M,32
1920,31,F,2
1920,31,M,45
1920,32,M,54
1920,33,F,3
1920,33,M,30
1920,34,F,2
1920,34,M,24
1920,35,M,22
1920,36,F,4
1920,36,M,16
1920,37,M,34
1920,38,M,22
1920,39,F,3
1920,39,M,20
1920,40,M,15
1920,41,F,1
1920,41,M,26
1920,42,M,4
1920,43,M,14
1920,44,M,20
1920,45,M,9
1920,47,M,2
1920,49,M,6
1920,50,M,1
1920,51,M,10
1920,52,M,1
1920,53,M,1
1920,58,M,1
1920,59,M,1
1920,61,M,3
1920,65,M,1
1924,15,M,1
1924,16,F,3
1924,16,M,9
1924,17,M,10
1924,18,F,7
1924,18,M,15
1924,19,F,1
1924,19,M,31
1924,20,F,4
1924,20,M,41
1924,21,F,9
1924,21,M,81
1924,22,F,6
1924,22,M,97
1924,23,F,4
1924,23,M,93
1924,24,M,79
1924,25,F,2
1924,25,M,70
1924,26,F,1
1924,26,M,61
1924,27,M,50
1924,28,F,5
1924,28,M,47
1924,29,F,3
1924,29,M,52
1924,30,F,3
1924,30,M,46
1924,31,F,2
1924,31,M,52
1924,32,F,2
1924,32,M,43
1924,33,F,2
1924,33,M,31
1924,34,M,15
1924,35,M,31
1924,36,M,31
1924,37,F,8
1924,37,M,11
1924,38,M,15
1924,39,M,18
1924,40,F,2
1924,40,M,10
1924,41,M,17
1924,42,M,8
1924,43,F,4
1924,43,M,14
1924,44,F,1
1924,44,M,20
1924,45,M,8
1924,46,M,7
1924,47,M,21
1924,48,M,7
1924,49,M,5
1924,51,M,3
1924,52,M,4
1924,53,M,3
1924,54,M,2
1924,55,F,1
1924,55,M,2
1924,57,M,1
1924,65,M,1
1924,66,M,1
1928,13,M,1
1928,14,F,1
1928,15,M,4
1928,16,F,3
1928,16,M,2
1928,17,F,5
1928,17,M,13
1928,18,F,10
1928,18,M,19
1928,19,F,10
1928,19,M,35
1928,20,F,13
1928,20,M,58
1928,21,F,11
1928,21,M,71
1928,22,F,2
1928,22,M,86
1928,23,F,3
1928,23,M,84
1928,24,F,1
1928,24,M,59
1928,25,F,1
1928,25,M,68
1928,26,F,5
1928,26,M,74
1928,27,F,1
1928,27,M,39
1928,28,M,37
1928,29,F,2
1928,29,M,43
1928,30,F,2
1928,30,M,32
1928,31,M,22
1928,32,M,22
1928,33,M,15
1928,34,F,2
1928,34,M,18
1928,35,F,2
1928,35,M,33
1928,36,M,14
1928,37,M,34
1928,38,F,1
1928,38,M,11
1928,39,M,22
1928,40,M,24
1928,41,M,9
1928,42,F,1
1928,42,M,6
1928,43,M,12
1928,44,M,8
1928,45,F,1
1928,45,M,8
1928,46,M,5
1928,47,M,5
1928,48,F,1
1928,48,M,4
1928,49,F,3
1928,49,M,14
1928,50,M,1
1928,51,M,4
1928,52,M,6
1928,53,F,2
1928,54,M,1
1928,56,M,5
1928,57,M,3
1928,59,M,3
1928,60,F,1
1928,60,M,4
1928,61,M,1
1928,62,M,2
1928,64,M,12
1928,71,M,2
1932,11,F,1
1932,13,F,1
1932,14,F,2
1932,14,M,4
1932,15,M,1
1932,16,F,1
1932,17,F,7
1932,17,M,5
1932,18,F,7
1932,18,M,5
1932,19,F,6
1932,19,M,14
1932,20,F,5
1932,20,M,24
1932,21,F,18
1932,21,M,53
1932,22,F,11
1932,22,M,61
1932,23,F,5
1932,23,M,44
1932,24,F,1
1932,24,M,62
1932,25,F,1
1932,25,M,37
1932,26,F,1
1932,26,M,41
1932,27,F,1
1932,27,M,38
1932,28,M,14
1932,29,F,1
1932,29,M,19
1932,30,F,2
1932,30,M,21
1932,31,F,1
1932,31,M,6
1932,32,M,15
1932,33,M,10
1932,34,M,8
1932,35,M,11
1932,36,M,12
1932,37,M,7
1932,38,M,12
1932,39,M,11
1932,40,M,15
1932,41,M,10
1932,42,M,8
1932,43,F,1
1932,43,M,4
1932,44,F,1
1932,44,M,4
1932,45,F,2
1932,45,M,21
1932,46,F,2
1932,46,M,6
1932,47,M,6
1932,48,F,3
1932,48,M,24
1932,49,M,7
1932,50,F,1
1932,50,M,2
1932,51,M,1
1932,52,F,3
1932,52,M,6
1932,53,F,1
1932,53,M,13
1932,54,M,1
1932,55,M,9
1932,56,M,2
1932,57,M,1
1932,58,M,4
1932,59,M,9
1932,60,M,3
1932,61,M,10
1932,62,F,1
1932,63,M,1
1932,65,F,1
1932,65,M,5
1932,67,M,1
1932,68,M,2
1932,69,F,12
1932,70,M,11
1932,71,M,5
1932,75,M,1
1932,76,M,1
1932,88,M,3
1936,13,M,1
1936,14,F,1
1936,15,F,2
1936,15,M,2
1936,16,F,10
1936,16,M,6
1936,17,F,13
1936,17,M,11
1936,18,F,15
1936,18,M,25
1936,19,F,10
1936,19,M,53
1936,20,F,6
1936,20,M,57
1936,21,F,14
1936,21,M,89
1936,22,F,7
1936,22,M,131
1936,23,F,9
1936,23,M,163
1936,24,F,10
1936,24,M,113
1936,25,F,6
1936,25,M,137
1936,26,F,4
1936,26,M,106
1936,27,F,7
1936,27,M,126
1936,28,F,3
1936,28,M,66
1936,29,F,4
1936,29,M,81
1936,30,F,3
1936,30,M,52
1936,31,F,2
1936,31,M,53
1936,32,F,1
1936,32,M,48
1936,33,M,39
1936,34,M,30
1936,35,F,1
1936,35,M,31
1936,36,M,23
1936,37,M,20
1936,38,F,1
1936,38,M,7
1936,39,M,21
1936,40,M,14
1936,41,M,17
1936,42,M,18
1936,43,F,1
1936,43,M,15
1936,44,M,17
1936,45,F,1
1936,45,M,9
1936,46,F,3
1936,46,M,7
1936,47,M,10
1936,48,M,1
1936,49,M,13
1936,50,M,16
1936,51,M,4
1936,52,M,5
1936,53,M,1
1936,54,M,2
1936,55,M,2
1936,56,M,2
1936,57,M,5
1936,59,M,1
1936,60,M,1
1936,61,M,1
1936,63,M,2
1936,65,M,2
1936,68,F,7
1936,72,M,6
1936,73,F,1
1936,74,M,6
1948,13,M,1
1948,14,F,1
1948,15,F,1
1948,15,M,6
1948,16,F,3
1948,16,M,1
1948,17,F,7
1948,17,M,11
1948,18,F,17
1948,18,M,28
1948,19,F,15
1948,19,M,70
1948,20,F,7
1948,20,M,74
1948,21,F,15
1948,21,M,108
1948,22,F,10
1948,22,M,69
1948,23,F,19
1948,23,M,96
1948,24,F,15
1948,24,M,112
1948,25,F,8
1948,25,M,96
1948,26,F,5
1948,26,M,79
1948,27,F,7
1948,27,M,98
1948,28,F,8
1948,28,M,101
1948,29,F,5
1948,29,M,59
1948,30,F,8
1948,30,M,53
1948,31,F,1
1948,31,M,57
1948,32,F,1
1948,32,M,59
1948,33,F,3
1948,33,M,42
1948,34,F,1
1948,34,M,53
1948,35,F,1
1948,35,M,37
1948,36,F,1
1948,36,M,29
1948,37,F,2
1948,37,M,20
1948,38,M,30
1948,39,F,4
1948,39,M,33
1948,40,F,3
1948,40,M,18
1948,41,F,1
1948,41,M,17
1948,42,F,1
1948,42,M,20
1948,43,M,8
1948,44,M,11
1948,45,M,22
1948,46,M,12
1948,47,F,1
1948,47,M,11
1948,48,M,9
1948,49,F,1
1948,49,M,3
1948,50,M,1
1948,51,M,7
1948,52,M,3
1948,53,M,1
1948,54,F,1
1948,54,M,2
1948,55,M,3
1948,56,F,1
1948,56,M,4
1948,57,M,1
1948,58,M,1
1948,59,F,1
1948,61,M,1
1948,62,M,5
1948,64,M,1
1948,65,M,5
1948,68,M,1
1948,69,M,3
1948,70,M,1
1948,71,M,3
1948,72,F,3
1948,73,M,2
1948,76,M,3
1948,84,M,1
1952,15,F,11
1952,16,F,29
1952,16,M,4
1952,17,F,17
1952,17,M,15
1952,18,F,17
1952,18,M,32
1952,19,F,17
1952,19,M,71
1952,20,F,45
1952,20,M,100
1952,21,F,21
1952,21,M,158
1952,22,F,15
1952,22,M,154
1952,23,F,42
1952,23,M,179
1952,24,F,27
1952,24,M,185
1952,25,F,13
1952,25,M,149
1952,26,F,25
1952,26,M,108
1952,27,F,22
1952,27,M,93
1952,28,F,18
1952,28,M,103
1952,29,F,19
1952,29,M,94
1952,30,F,4
1952,30,M,87
1952,31,F,3
1952,31,M,78
1952,32,F,11
1952,32,M,67
1952,33,F,1
1952,33,M,34
1952,34,F,10
1952,34,M,44
1952,35,M,38
1952,36,F,1
1952,36,M,42
1952,37,F,2
1952,37,M,28
1952,38,M,18
1952,39,M,10
1952,40,F,1
1952,40,M,27
1952,41,F,1
1952,41,M,15
1952,42,M,11
1952,43,M,18
1952,44,M,5
1952,45,F,1
1952,45,M,8
1952,46,M,3
1952,47,M,3
1952,48,M,6
1952,49,M,6
1952,50,M,3
1952,52,M,2
1952,59,M,2
1952,60,M,1
1952,63,M,1
1956,13,F,1
1956,14,M,1
1956,15,F,6
1956,15,M,3
1956,16,F,15
1956,16,M,8
1956,17,F,14
1956,17,M,4
1956,18,F,15
1956,18,M,10
1956,19,F,14
1956,19,M,46
1956,20,F,29
1956,20,M,43
1956,21,F,19
1956,21,M,78
1956,22,F,27
1956,22,M,65
1956,23,F,17
1956,23,M,116
1956,24,F,24
1956,24,M,91
1956,25,F,11
1956,25,M,117
1956,26,F,2
1956,26,M,92
1956,27,F,2
1956,27,M,90
1956,28,F,4
1956,28,M,64
1956,29,F,16
1956,29,M,59
1956,30,F,5
1956,30,M,45
1956,31,F,4
1956,31,M,21
1956,32,F,4
1956,32,M,33
1956,33,M,34
1956,34,M,22
1956,35,M,45
1956,36,F,1
1956,36,M,16
1956,37,M,9
1956,38,M,12
1956,39,M,20
1956,40,M,14
1956,41,F,2
1956,41,M,6
1956,42,M,7
1956,43,M,6
1956,44,M,4
1956,45,M,3
1956,46,M,3
1956,47,M,3
1956,49,M,1
1956,50,M,3
1956,51,M,3
1956,52,M,3
1956,53,M,2
1956,54,M,2
1960,12,F,1
1960,13,F,1
1960,14,F,2
1960,15,F,4
1960,15,M,2
1960,16,F,20
1960,16,M,16
1960,17,F,21
1960,17,M,26
1960,18,F,70
1960,18,M,54
1960,19,F,53
1960,19,M,91
1960,20,F,28
1960,20,M,157
1960,21,F,44
1960,21,M,117
1960,22,F,28
1960,22,M,175
1960,23,F,31
1960,23,M,167
1960,24,F,22
1960,24,M,155
1960,25,F,21
1960,25,M,148
1960,26,F,13
1960,26,M,133
1960,27,F,11
1960,27,M,119
1960,28,F,10
1960,28,M,108
1960,29,F,12
1960,29,M,120
1960,30,F,2
1960,30,M,63
1960,31,F,5
1960,31,M,78
1960,32,F,1
1960,32,M,51
1960,33,M,25
1960,34,F,2
1960,34,M,29
1960,35,F,2
1960,35,M,18
1960,36,F,1
1960,36,M,25
1960,37,M,25
1960,38,M,8
1960,39,M,22
1960,40,F,1
1960,40,M,11
1960,41,M,8
1960,42,M,9
1960,43,M,2
1960,44,M,9
1960,45,M,4
1960,46,M,6
1960,47,M,3
1960,48,M,2
1960,49,M,1
1960,50,M,4
1960,51,M,2
1960,52,M,2
1960,53,M,1
1960,54,M,2
1960,55,M,1
1960,56,M,1
1960,57,M,1
1960,60,M,1
1960,61,M,1
1964,13,F,1
1964,14,F,3
1964,14,M,3
1964,15,F,6
1964,15,M,2
1964,16,F,8
1964,16,M,11
1964,17,F,46
1964,17,M,26
1964,18,F,31
1964,18,M,37
1964,19,F,41
1964,19,M,64
1964,20,F,36
1964,20,M,104
1964,21,F,57
1964,21,M,174
1964,22,F,55
1964,22,M,138
1964,23,F,35
1964,23,M,195
1964,24,F,24
1964,24,M,192
1964,25,F,21
1964,25,M,117
1964,26,F,17
1964,26,M,157
1964,27,F,15
1964,27,M,150
1964,28,F,11
1964,28,M,112
1964,29,F,4
1964,29,M,77
1964,30,F,3
1964,30,M,69
1964,31,F,1
1964,31,M,35
1964,32,M,54
1964,33,M,46
1964,34,F,2
1964,34,M,30
1964,35,M,18
1964,36,F,1
1964,36,M,18
1964,37,M,5
1964,38,F,1
1964,38,M,9
1964,39,M,6
1964,40,F,2
1964,40,M,10
1964,41,M,10
1964,42,M,6
1964,43,F,1
1964,43,M,5
1964,44,M,5
1964,45,M,4
1964,46,M,3
1964,47,M,2
1964,48,M,5
1964,49,M,1
1964,50,M,2
1964,52,M,1
1964,53,M,1
1968,12,F,7
1968,13,F,5
1968,14,F,17
1968,14,M,6
1968,15,F,67
1968,15,M,14
1968,16,F,27
1968,16,M,26
1968,17,F,60
1968,17,M,50
1968,18,F,49
1968,18,M,60
1968,19,F,34
1968,19,M,92
1968,20,F,44
1968,20,M,116
1968,21,F,69
1968,21,M,169
1968,22,F,41
1968,22,M,173
1968,23,F,32
1968,23,M,176
1968,24,F,27
1968,24,M,176
1968,25,F,21
1968,25,M,172
1968,26,F,45
1968,26,M,148
1968,27,F,10
1968,27,M,134
1968,28,F,11
1968,28,M,142
1968,29,F,11
1968,29,M,71
1968,30,F,5
1968,30,M,78
1968,31,F,10
1968,31,M,64
1968,32,F,12
1968,32,M,36
1968,33,M,28
1968,34,M,30
1968,35,F,1
1968,35,M,17
1968,36,M,16
1968,37,M,14
1968,38,M,21
1968,39,M,7
1968,40,F,2
1968,40,M,11
1968,41,M,1
1968,42,M,7
1968,43,F,1
1968,43,M,10
1968,44,M,4
1968,45,M,5
1968,46,M,2
1968,47,M,2
1968,48,M,6
1968,49,M,2
1968,50,M,5
1968,52,M,2
1968,54,F,2
1968,54,M,3
1968,56,M,1
1968,59,M,1
1968,60,M,1
1972,13,F,7
1972,13,M,1
1972,14,F,24
1972,14,M,4
1972,15,F,62
1972,15,M,13
1972,16,F,68
1972,16,M,25
1972,17,F,68
1972,17,M,37
1972,18,F,68
1972,18,M,78
1972,19,F,51
1972,19,M,123
1972,20,F,59
1972,20,M,150
1972,21,F,47
1972,21,M,175
1972,22,F,34
1972,22,M,209
1972,23,F,19
1972,23,M,205
1972,24,F,16
1972,24,M,208
1972,25,F,35
1972,25,M,204
1972,26,F,27
1972,26,M,154
1972,27,F,10
1972,27,M,178
1972,28,F,10
1972,28,M,133
1972,29,F,7
1972,29,M,87
1972,30,F,15
1972,30,M,84
1972,31,F,5
1972,31,M,43
1972,32,F,5
1972,32,M,50
1972,33,F,4
1972,33,M,30
1972,34,F,3
1972,34,M,26
1972,35,M,22
1972,36,F,1
1972,36,M,17
1972,37,F,1
1972,37,M,11
1972,38,M,19
1972,39,F,1
1972,39,M,7
1972,40,M,15
1972,41,M,8
1972,42,M,7
1972,43,M,8
1972,44,M,7
1972,45,M,2
1972,46,M,6
1972,47,M,9
1972,48,M,3
1972,49,M,6
1972,50,M,2
1972,51,M,1
1972,52,F,2
1972,52,M,2
1972,54,M,1
1972,58,M,1
1972,61,M,1
1976,13,F,15
1976,14,F,36
1976,15,F,27
1976,15,M,2
1976,16,F,79
1976,16,M,18
1976,17,F,46
1976,17,M,46
1976,18,F,38
1976,18,M,77
1976,19,F,69
1976,19,M,131
1976,20,F,42
1976,20,M,141
1976,21,F,78
1976,21,M,234
1976,22,F,41
1976,22,M,207
1976,23,F,33
1976,23,M,177
1976,24,F,28
1976,24,M,192
1976,25,F,31
1976,25,M,130
1976,26,F,25
1976,26,M,127
1976,27,F,14
1976,27,M,130
1976,28,F,13
1976,28,M,100
1976,29,F,11
1976,29,M,83
1976,30,F,11
1976,30,M,51
1976,31,F,5
1976,31,M,53
1976,32,F,4
1976,32,M,32
1976,33,F,1
1976,33,M,25
1976,34,F,1
1976,34,M,21
1976,35,F,1
1976,35,M,11
1976,36,F,2
1976,36,M,10
1976,37,M,7
1976,38,F,1
1976,38,M,11
1976,39,F,1
1976,39,M,14
1976,40,F,1
1976,40,M,6
1976,41,F,1
1976,41,M,10
1976,42,M,4
1976,43,M,4
1976,44,M,7
1976,45,M,7
1976,46,F,1
1976,46,M,5
1976,47,M,1
1976,48,M,2
1976,50,M,2
1976,51,M,2
1976,52,M,1
1976,53,M,3
1976,55,M,1
1976,65,M,1
1980,13,F,8
1980,13,M,1
1980,14,F,37
1980,14,M,3
1980,15,F,47
1980,15,M,5
1980,16,F,45
1980,16,M,10
1980,17,F,35
1980,17,M,27
1980,18,F,72
1980,18,M,60
1980,19,F,47
1980,19,M,83
1980,20,F,38
1980,20,M,115
1980,21,F,37
1980,21,M,172
1980,22,F,46
1980,22,M,172
1980,23,F,42
1980,23,M,159
1980,24,F,21
1980,24,M,185
1980,25,F,35
1980,25,M,169
1980,26,F,24
1980,26,M,114
1980,27,F,14
1980,27,M,104
1980,28,F,12
1980,28,M,97
1980,29,F,4
1980,29,M,66
1980,30,F,9
1980,30,M,32
1980,31,F,4
1980,31,M,25
1980,32,F,3
1980,32,M,16
1980,33,F,6
1980,33,M,25
1980,34,F,6
1980,34,M,17
1980,35,F,3
1980,35,M,11
1980,36,M,9
1980,37,M,4
1980,38,M,12
1980,39,M,2
1980,40,M,2
1980,41,M,1
1980,42,M,1
1980,43,F,1
1980,45,F,1
1980,45,M,1
1980,46,F,1
1980,46,M,1
1980,48,M,2
1980,49,M,2
1980,51,M,1
1980,59,M,1
1984,12,M,1
1984,14,F,7
1984,14,M,1
1984,15,F,39
1984,15,M,1
1984,16,F,44
1984,16,M,14
1984,17,F,33
1984,17,M,25
1984,18,F,61
1984,18,M,80
1984,19,F,69
1984,19,M,106
1984,20,F,57
1984,20,M,191
1984,21,F,97
1984,21,M,205
1984,22,F,65
1984,22,M,262
1984,23,F,65
1984,23,M,217
1984,24,F,43
1984,24,M,214
1984,25,F,23
1984,25,M,205
1984,26,F,41
1984,26,M,158
1984,27,F,35
1984,27,M,127
1984,28,F,8
1984,28,M,102
1984,29,F,9
1984,29,M,86
1984,30,F,13
1984,30,M,58
1984,31,F,5
1984,31,M,34
1984,32,F,10
1984,32,M,34
1984,33,F,9
1984,33,M,29
1984,34,F,7
1984,34,M,18
1984,35,F,8
1984,35,M,8
1984,36,F,2
1984,36,M,18
1984,37,F,2
1984,37,M,16
1984,38,F,3
1984,38,M,7
1984,39,F,3
1984,39,M,15
1984,40,F,2
1984,40,M,7
1984,41,M,8
1984,42,M,2
1984,43,F,2
1984,43,M,5
1984,44,M,2
1984,45,M,5
1984,46,M,1
1984,47,M,3
1984,49,M,4
1984,50,M,5
1984,51,M,2
1984,52,F,1
1984,52,M,2
1984,53,M,3
1984,54,M,2
1984,55,M,1
1984,56,M,2
1984,60,M,1
1988,13,F,1
1988,14,F,10
1988,15,F,48
1988,15,M,3
1988,16,F,58
1988,16,M,17
1988,17,F,52
1988,17,M,49
1988,18,F,58
1988,18,M,75
1988,19,F,79
1988,19,M,137
1988,20,F,84
1988,20,M,184
1988,21,F,55
1988,21,M,261
1988,22,F,74
1988,22,M,252
1988,23,F,108
1988,23,M,260
1988,24,F,74
1988,24,M,252
1988,25,F,75
1988,25,M,244
1988,26,F,58
1988,26,M,205
1988,27,F,49
1988,27,M,181
1988,28,F,33
1988,28,M,170
1988,29,F,24
1988,29,M,135
1988,30,F,27
1988,30,M,82
1988,31,F,26
1988,31,M,57
1988,32,F,5
1988,32,M,48
1988,33,F,9
1988,33,M,39
1988,34,F,13
1988,34,M,19
1988,35,M,17
1988,36,F,5
1988,36,M,18
1988,37,F,4
1988,37,M,14
1988,38,F,2
1988,38,M,7
1988,39,F,5
1988,39,M,13
1988,40,F,1
1988,40,M,8
1988,41,F,4
1988,41,M,6
1988,42,F,3
1988,42,M,3
1988,43,M,7
1988,44,M,5
1988,45,M,2
1988,46,F,1
1988,47,M,4
1988,48,M,2
1988,49,M,1
1988,50,F,2
1988,50,M,3
1988,52,M,2
1988,53,M,1
1988,60,M,1
1992,13,F,3
1992,14,F,10
1992,14,M,1
1992,15,F,25
1992,15,M,8
1992,16,F,39
1992,16,M,14
1992,17,F,57
1992,17,M,46
1992,18,F,58
1992,18,M,49
1992,19,F,95
1992,19,M,132
1992,20,F,63
1992,20,M,235
1992,21,F,125
1992,21,M,248
1992,22,F,95
1992,22,M,287
1992,23,F,91
1992,23,M,252
1992,24,F,76
1992,24,M,258
1992,25,F,82
1992,25,M,230
1992,26,F,76
1992,26,M,198
1992,27,F,57
1992,27,M,179
1992,28,F,70
1992,28,M,170
1992,29,F,60
1992,29,M,144
1992,30,F,39
1992,30,M,119
1992,31,F,16
1992,31,M,109
1992,32,F,19
1992,32,M,67
1992,33,F,6
1992,33,M,51
1992,34,F,9
1992,34,M,32
1992,35,F,15
1992,35,M,25
1992,36,F,3
1992,36,M,27
1992,37,F,4
1992,37,M,12
1992,38,F,2
1992,38,M,10
1992,39,F,2
1992,39,M,4
1992,40,F,2
1992,40,M,9
1992,41,F,2
1992,41,M,10
1992,42,F,2
1992,42,M,2
1992,43,F,1
1992,43,M,3
1992,44,M,2
1992,45,M,4
1992,46,F,2
1992,46,M,2
1992,48,F,1
1992,48,M,2
1992,49,M,2
1992,50,F,2
1992,50,M,2
1992,51,M,1
1992,52,M,2
1992,56,M,1
1992,57,M,1
1992,58,M,1
1992,62,M,1
1994,13,F,1
1994,14,F,1
1994,15,F,1
1994,16,F,9
1994,16,M,7
1994,17,F,10
1994,17,M,1
1994,18,F,19
1994,18,M,5
1994,19,F,12
1994,19,M,20
1994,20,F,8
1994,20,M,28
1994,21,F,15
1994,21,M,49
1994,22,F,21
1994,22,M,55
1994,23,F,39
1994,23,M,43
1994,24,F,32
1994,24,M,41
1994,25,F,18
1994,25,M,37
1994,26,F,15
1994,26,M,56
1994,27,F,18
1994,27,M,27
1994,28,F,13
1994,28,M,37
1994,29,F,7
1994,29,M,21
1994,30,F,3
1994,30,M,25
1994,31,F,8
1994,31,M,12
1994,32,F,2
1994,32,M,7
1994,33,M,17
1994,34,M,5
1994,35,M,6
1994,36,F,1
1994,36,M,3
1994,40,F,1
1994,40,M,1
1994,43,M,3
1994,46,M,1
1996,13,F,2
1996,14,F,10
1996,15,F,33
1996,15,M,1
1996,16,F,60
1996,17,F,56
1996,17,M,25
1996,18,F,42
1996,18,M,41
1996,19,F,40
1996,19,M,103
1996,20,F,61
1996,20,M,125
1996,21,F,96
1996,21,M,152
1996,22,F,72
1996,22,M,207
1996,23,F,71
1996,23,M,228
1996,24,F,99
1996,24,M,224
1996,25,F,70
1996,25,M,175
1996,26,F,67
1996,26,M,208
1996,27,F,91
1996,27,M,146
1996,28,F,42
1996,28,M,117
1996,29,F,50
1996,29,M,104
1996,30,F,46
1996,30,M,87
1996,31,F,29
1996,31,M,63
1996,32,F,35
1996,32,M,56
1996,33,F,30
1996,33,M,67
1996,34,F,16
1996,34,M,39
1996,35,F,9
1996,35,M,27
1996,36,F,3
1996,36,M,28
1996,37,F,6
1996,37,M,15
1996,38,F,6
1996,38,M,11
1996,39,F,5
1996,39,M,14
1996,40,F,1
1996,40,M,10
1996,41,F,1
1996,41,M,4
1996,42,F,3
1996,42,M,8
1996,43,M,5
1996,44,F,3
1996,44,M,7
1996,45,F,2
1996,45,M,7
1996,46,M,2
1996,47,F,2
1996,47,M,1
1996,48,M,2
1996,50,F,4
1996,50,M,3
1996,51,F,1
1996,51,M,1
1996,53,M,3
1996,54,F,2
1996,56,M,2
1996,63,M,2
1998,15,F,2
1998,15,M,3
1998,16,F,3
1998,16,M,6
1998,17,F,2
1998,17,M,9
1998,18,F,12
1998,18,M,8
1998,19,F,8
1998,19,M,14
1998,20,F,20
1998,20,M,32
1998,21,F,24
1998,21,M,44
1998,22,F,25
1998,22,M,33
1998,23,F,28
1998,23,M,42
1998,24,F,22
1998,24,M,49
1998,25,F,24
1998,25,M,56
1998,26,F,20
1998,26,M,47
1998,27,F,42
1998,27,M,46
1998,28,F,17
1998,28,M,39
1998,29,F,20
1998,29,M,34
1998,30,F,9
1998,30,M,29
1998,31,F,10
1998,31,M,22
1998,32,F,5
1998,32,M,12
1998,33,F,2
1998,33,M,2
1998,34,F,1
1998,34,M,8
1998,35,F,3
1998,35,M,4
1998,36,F,1
1998,36,M,2
1998,37,F,1
1998,37,M,8
1998,39,M,2
1998,40,M,1
1998,42,F,1
1998,44,F,1
2000,13,F,2
2000,14,F,11
2000,14,M,2
2000,15,F,24
2000,15,M,3
2000,16,F,70
2000,16,M,12
2000,17,F,55
2000,17,M,19
2000,18,F,45
2000,18,M,49
2000,19,F,49
2000,19,M,69
2000,20,F,83
2000,20,M,81
2000,21,F,72
2000,21,M,148
2000,22,F,84
2000,22,M,203
2000,23,F,85
2000,23,M,239
2000,24,F,98
2000,24,M,182
2000,25,F,124
2000,25,M,173
2000,26,F,90
2000,26,M,160
2000,27,F,78
2000,27,M,133
2000,28,F,68
2000,28,M,122
2000,29,F,51
2000,29,M,111
2000,30,F,60
2000,30,M,89
2000,31,F,55
2000,31,M,81
2000,32,F,28
2000,32,M,60
2000,33,F,20
2000,33,M,46
2000,34,F,33
2000,34,M,35
2000,35,F,21
2000,35,M,29
2000,36,F,15
2000,36,M,24
2000,37,F,10
2000,37,M,33
2000,38,F,5
2000,38,M,15
2000,39,F,5
2000,39,M,4
2000,40,F,1
2000,40,M,9
2000,41,M,14
2000,42,F,6
2000,42,M,6
2000,43,M,5
2000,44,F,1
2000,44,M,7
2000,45,M,3
2000,46,F,2
2000,46,M,2
2000,47,M,3
2000,52,M,1
2000,54,M,1
2000,57,M,1
2002,15,F,1
2002,16,M,2
2002,17,F,6
2002,18,F,4
2002,18,M,3
2002,19,F,18
2002,19,M,22
2002,20,F,21
2002,20,M,17
2002,21,F,12
2002,21,M,30
2002,22,F,23
2002,22,M,40
2002,23,F,16
2002,23,M,46
2002,24,F,38
2002,24,M,83
2002,25,F,32
2002,25,M,53
2002,26,F,25
2002,26,M,46
2002,27,F,23
2002,27,M,39
2002,28,F,33
2002,28,M,45
2002,29,F,5
2002,29,M,53
2002,30,F,13
2002,30,M,36
2002,31,F,23
2002,31,M,29
2002,32,F,1
2002,32,M,15
2002,33,F,7
2002,33,M,15
2002,34,F,7
2002,34,M,16
2002,35,F,4
2002,35,M,5
2002,36,F,1
2002,36,M,1
2002,37,F,1
2002,38,F,1
2002,38,M,5
2002,39,M,4
2002,40,F,1
2002,40,M,2
2002,41,M,2
2002,43,M,1
2002,48,F,2
2004,13,F,1
2004,14,F,2
2004,14,M,1
2004,15,F,38
2004,15,M,1
2004,16,F,29
2004,16,M,5
2004,17,F,53
2004,17,M,17
2004,18,F,50
2004,18,M,40
2004,19,F,72
2004,19,M,64
2004,20,F,54
2004,20,M,94
2004,21,F,102
2004,21,M,127
2004,22,F,83
2004,22,M,163
2004,23,F,80
2004,23,M,196
2004,24,F,80
2004,24,M,184
2004,25,F,116
2004,25,M,185
2004,26,F,66
2004,26,M,146
2004,27,F,76
2004,27,M,158
2004,28,F,61
2004,28,M,172
2004,29,F,73
2004,29,M,107
2004,30,F,65
2004,30,M,79
2004,31,F,35
2004,31,M,65
2004,32,F,49
2004,32,M,63
2004,33,F,33
2004,33,M,50
2004,34,F,26
2004,34,M,53
2004,35,F,18
2004,35,M,29
2004,36,F,10
2004,36,M,19
2004,37,F,4
2004,37,M,15
2004,38,F,5
2004,38,M,9
2004,39,F,4
2004,39,M,14
2004,40,F,5
2004,40,M,17
2004,41,F,5
2004,41,M,13
2004,42,F,2
2004,42,M,4
2004,43,F,3
2004,43,M,6
2004,44,M,7
2004,45,M,6
2004,46,F,2
2004,46,M,2
2004,47,F,1
2004,47,M,3
2004,48,M,6
2004,50,F,2
2004,52,F,4
2006,15,F,2
2006,16,F,4
2006,16,M,6
2006,17,F,6
2006,17,M,9
2006,18,F,14
2006,18,M,12
2006,19,F,10
2006,19,M,12
2006,20,F,30
2006,20,M,21
2006,21,F,16
2006,21,M,32
2006,22,F,16
2006,22,M,44
2006,23,F,37
2006,23,M,52
2006,24,F,43
2006,24,M,53
2006,25,F,29
2006,25,M,55
2006,26,F,24
2006,26,M,40
2006,27,F,16
2006,27,M,45
2006,28,F,22
2006,28,M,63
2006,29,F,18
2006,29,M,36
2006,30,F,27
2006,30,M,38
2006,31,F,17
2006,31,M,19
2006,32,F,20
2006,32,M,24
2006,33,F,2
2006,33,M,25
2006,34,F,5
2006,34,M,18
2006,35,F,9
2006,35,M,21
2006,36,F,1
2006,36,M,2
2006,37,M,1
2006,38,F,1
2006,38,M,5
2006,39,M,6
2006,41,M,1
2006,42,M,1
2006,43,F,1
2006,44,M,1
2006,46,M,1
2006,50,M,1
2008,13,M,1
2008,14,F,1
2008,14,M,2
2008,15,F,20
2008,15,M,1
2008,16,F,46
2008,16,M,6
2008,17,F,67
2008,17,M,10
2008,18,F,65
2008,18,M,44
2008,19,F,81
2008,19,M,61
2008,20,F,92
2008,20,M,106
2008,21,F,89
2008,21,M,153
2008,22,F,116
2008,22,M,167
2008,23,F,89
2008,23,M,161
2008,24,F,101
2008,24,M,165
2008,25,F,106
2008,25,M,162
2008,26,F,85
2008,26,M,139
2008,27,F,76
2008,27,M,146
2008,28,F,70
2008,28,M,141
2008,29,F,65
2008,29,M,100
2008,30,F,46
2008,30,M,76
2008,31,F,31
2008,31,M,94
2008,32,F,39
2008,32,M,62
2008,33,F,32
2008,33,M,48
2008,34,F,32
2008,34,M,27
2008,35,F,16
2008,35,M,24
2008,36,F,15
2008,36,M,34
2008,37,F,13
2008,37,M,18
2008,38,F,10
2008,38,M,22
2008,39,F,5
2008,39,M,11
2008,40,F,5
2008,40,M,12
2008,41,F,1
2008,41,M,8
2008,42,F,3
2008,42,M,9
2008,43,F,3
2008,43,M,5
2008,44,F,1
2008,44,M,9
2008,45,F,3
2008,45,M,7
2008,46,M,5
2008,47,F,2
2008,47,M,3
2008,48,M,8
2008,49,F,2
2008,49,M,1
2008,55,M,3
2008,56,F,1
2008,58,M,1
2010,15,F,1
2010,16,F,3
2010,16,M,4
2010,17,F,13
2010,18,F,13
2010,18,M,6
2010,19,F,20
2010,19,M,22
2010,20,F,16
2010,20,M,12
2010,21,F,41
2010,21,M,20
2010,22,F,19
2010,22,M,35
2010,23,F,27
2010,23,M,32
2010,24,F,40
2010,24,M,55
2010,25,F,20
2010,25,M,47
2010,26,F,29
2010,26,M,27
2010,27,F,27
2010,27,M,49
2010,28,F,14
2010,28,M,40
2010,29,F,22
2010,29,M,39
2010,30,F,17
2010,30,M,22
2010,31,F,5
2010,31,M,15
2010,32,F,2
2010,32,M,41
2010,33,F,9
2010,33,M,22
2010,34,F,7
2010,34,M,10
2010,35,F,4
2010,35,M,9
2010,36,M,11
2010,37,F,3
2010,37,M,8
2010,38,F,2
2010,38,M,7
2010,39,M,9
2010,40,M,2
2010,41,M,1
2010,42,M,1
2010,43,F,1
2010,46,F,1
2012,14,F,2
2012,15,F,3
2012,15,M,2
2012,16,F,39
2012,16,M,1
2012,17,F,42
2012,17,M,12
2012,18,F,53
2012,18,M,27
2012,19,F,52
2012,19,M,64
2012,20,F,89
2012,20,M,72
2012,21,F,116
2012,21,M,128
2012,22,F,110
2012,22,M,130
2012,23,F,132
2012,23,M,173
2012,24,F,121
2012,24,M,159
2012,25,F,115
2012,25,M,182
2012,26,F,95
2012,26,M,125
2012,27,F,99
2012,27,M,141
2012,28,F,76
2012,28,M,104
2012,29,F,75
2012,29,M,103
2012,30,F,56
2012,30,M,75
2012,31,F,53
2012,31,M,85
2012,32,F,37
2012,32,M,50
2012,33,F,28
2012,33,M,49
2012,34,F,20
2012,34,M,31
2012,35,F,8
2012,35,M,39
2012,36,F,18
2012,36,M,17
2012,37,F,10
2012,37,M,17
2012,38,F,7
2012,38,M,10
2012,39,F,8
2012,39,M,14
2012,40,F,3
2012,40,M,16
2012,41,F,8
2012,41,M,5
2012,42,F,3
2012,42,M,10
2012,43,F,5
2012,43,M,3
2012,44,F,2
2012,44,M,7
2012,45,M,7
2012,46,F,1
2012,46,M,3
2012,47,M,3
2012,48,M,5
2012,49,F,1
2012,49,M,4
2012,50,M,2
2012,52,M,6
2012,53,M,2
2012,54,F,2
2012,56,M,3
2012,58,M,2
2014,15,F,2
2014,16,F,2
2014,16,M,1
2014,17,F,12
2014,17,M,2
2014,18,F,15
2014,18,M,10
2014,19,F,11
2014,19,M,13
2014,20,F,22
2014,20,M,36
2014,21,F,30
2014,21,M,31
2014,22,F,36
2014,22,M,53
2014,23,F,49
2014,23,M,57
2014,24,F,41
2014,24,M,48
2014,25,F,44
2014,25,M,57
2014,26,F,29
2014,26,M,57
2014,27,F,35
2014,27,M,43
2014,28,F,30
2014,28,M,52
2014,29,F,19
2014,29,M,30
2014,30,F,20
2014,30,M,22
2014,31,F,14
2014,31,M,30
2014,32,F,18
2014,32,M,38
2014,33,F,9
2014,33,M,24
2014,34,F,1
2014,34,M,7
2014,35,F,3
2014,35,M,10
2014,36,M,24
2014,37,F,4
2014,37,M,7
2014,38,F,1
2014,38,M,3
2014,39,M,2
2014,40,M,10
2014,41,F,1
2014,41,M,4
2014,42,M,2
2014,43,M,1
2014,47,M,1
2016,13,F,1
2016,14,F,4
2016,15,F,4
2016,16,F,22
2016,17,F,47
2016,17,M,10
2016,18,F,33
2016,18,M,24
2016,19,F,75
2016,19,M,63
2016,20,F,89
2016,20,M,73
2016,21,F,68
2016,21,M,114
2016,22,F,106
2016,22,M,152
2016,23,F,131
2016,23,M,185
2016,24,F,143
2016,24,M,158
2016,25,F,134
2016,25,M,172
2016,26,F,111
2016,26,M,192
2016,27,F,117
2016,27,M,173
2016,28,F,100
2016,28,M,154
2016,29,F,100
2016,29,M,119
2016,30,F,67
2016,30,M,87
2016,31,F,51
2016,31,M,73
2016,32,F,39
2016,32,M,60
2016,33,F,32
2016,33,M,50
2016,34,F,22
2016,34,M,45
2016,35,F,21
2016,35,M,46
2016,36,F,22
2016,36,M,24
2016,37,F,11
2016,37,M,22
2016,38,F,10
2016,38,M,9
2016,39,F,5
2016,39,M,11
2016,40,F,4
2016,40,M,9
2016,41,F,9
2016,41,M,10
2016,42,F,6
2016,42,M,5
2016,43,F,4
2016,43,M,8
2016,44,F,3
2016,44,M,5
2016,45,F,2
2016,45,M,4
2016,46,M,2
2016,47,F,2
2016,49,M,1
2016,50,F,2
2016,50,M,4
2016,51,M,5
2016,52,M,6
2016,54,M,2
2016,62,F,1
2024,12,F,1
2024,13,F,3
2024,14,F,6
2024,14,M,1
2024,15,F,9
2024,15,M,2
2024,16,F,36
2024,16,M,8
2024,17,F,64
2024,17,M,24
2024,18,F,101
2024,18,M,51
2024,19,F,163
2024,19,M,85
2024,20,F,208
2024,20,M,172
2024,21,F,264
2024,21,M,267
2024,22,F,315
2024,22,M,383
2024,23,F,372
2024,23,M,443
2024,24,F,463
2024,24,M,445
2024,25,F,443
2024,25,M,458
2024,26,F,419
2024,26,M,445
2024,27,F,422
2024,27,M,461
2024,28,F,412
2024,28,M,419
2024,29,F,318
2024,29,M,356
2024,30,F,311
2024,30,M,339
2024,31,F,254
2024,31,M,261
2024,32,F,215
2024,32,M,215
2024,33,F,161
2024,33,M,154
2024,34,F,137
2024,34,M,144
2024,35,F,83
2024,35,M,110
2024,36,F,72
2024,36,M,106
2024,37,F,49
2024,37,M,64
2024,38,F,40
2024,38,M,46
2024,39,F,30
2024,39,M,34
2024,40,F,19
2024,40,M,30
2024,41,F,13
2024,41,M,20
2024,42,F,6
2024,42,M,29
2024,43,F,6
2024,43,M,16
2024,44,F,13
2024,44,M,15
2024,45,F,3
2024,45,M,11
2024,46,F,3
2024,46,M,3
2024,47,F,4
2024,47,M,3
2024,48,F,1
2024,48,M,4
2024,49,F,3
2024,49,M,5
2024,50,F,1
2024,50,M,4
2024,51,F,1
2024,51,M,6
2024,52,M,4
2024,53,F,1
2024,53,M,1
2024,54,M,2
2024,55,F,2
2024,55,M,1
2024,56,M,1
2024,57,F,2
2024,57,M,1
2024,58,F,1
2024,58,M,2
2024,59,F,2
2024,59,M,1
2024,60,M,2
2024,61,F,2
2024,61,M,1
2024,62,M,2
2024,65,M,1
2024,70,F,1
